<?xml version="1.0" ?>
<manifest identifier="ASQfTnMyNuqY-pWYSZXW0ymDg9irKFZBagw8pSMi" version="1"
  xmlns="http://www.imsproject.org/xsd/imscp_rootv1p1p2"
  xmlns:adlcp="http://www.adlnet.org/xsd/adlcp_rootv1p2"
  xmlns:xsi="http://www.w3.org/2001/XMLSchema-instance"
  xsi:schemaLocation="http://www.imsproject.org/xsd/imscp_rootv1p1p2 imscp_rootv1p1p2.xsd
                      http://www.imsglobal.org/xsd/imsmd_rootv1p2p1 imsmd_rootv1p2p1.xsd
                      http://www.adlnet.org/xsd/adlcp_rootv1p2 adlcp_rootv1p2.xsd">
  <metadata>
    <schema>ADL SCORM</schema>
    <schemaversion>1.2</schemaversion>
    <adlcp:location>metadata.xml</adlcp:location>
  </metadata>
  <organizations default="articulate_rise">
      <organization identifier="articulate_rise">
      <title>Innova Introduction Fiskt 2022</title>
      <item identifier="i1" identifierref="r1" isvisible="true">
        <title>Innova Introduction Fiskt 2022</title>
        <adlcp:datafromlms>eyJjcHYiOiJhZ3c4cFNNaSIsInJsZCI6ZmFsc2V9</adlcp:datafromlms>
      </item>
    </organization>
  </organizations>
  <resources>
    <resource identifier="r1" type="webcontent" adlcp:scormtype="sco" href="scormdriver/indexAPI.html">
      <!-- SCORMDRIVER STUFF -->
      <file href="scormdriver/indexAPI.html" />
      <file href="scormdriver/preloadIntegrity.js" />
      <file href="scormdriver/driverOptions.js" />
      <file href="scormdriver/AICCComm.html" />
      <file href="scormdriver/auto-scripts/AutoBookmark.js" />
      <file href="scormdriver/auto-scripts/AutoCompleteSCO.js" />
      <file href="scormdriver/auto-scripts/CourseExit.js" />
      <file href="scormdriver/blank.html" />
      <file href="scormdriver/goodbye.html" />
      <file href="scormdriver/scormdriver.js" />
      <file href="scormdriver/browsersniff.js" />

      <!-- RUNTIME COMMON STUFF -->
      <file href="scormcontent/index.html" />
      <file href="scormcontent/lib/main.bundle.js"/>

      
        <file href="scormcontent/lib/fonts/icomoon.ttf"/>
        <file href="scormcontent/lib/fonts/icomoon.woff"/>

        <file href="scormcontent/lib/icomoon.css"/>
        <file href="scormcontent/lib/main.bundle.css"/>
        <file href="scormcontent/lib/player-0.0.11.min.js"/>
        <file href="scormcontent/lib/lzwcompress.js"/>
      

      <!-- RUNTIME CONTENT STUFF -->
      <file href="scormcontent/lib/fonts/Roboto-Black.woff" />
<file href="scormcontent/lib/fonts/Roboto-Italic.woff" />
<file href="scormcontent/lib/fonts/Roboto-Bold.woff" />
<file href="scormcontent/lib/fonts/Roboto-Regular.woff" />
<file href="scormcontent/lib/fonts/Roboto-Light.woff" />
<file href="scormcontent/lib/fonts/Lato-Black.woff" />
<file href="scormcontent/lib/fonts/Lato-Italic.woff" />
<file href="scormcontent/lib/fonts/Lato-Bold.woff" />
<file href="scormcontent/lib/fonts/Lato-Regular.woff" />
<file href="scormcontent/lib/fonts/Lato-Light.woff" />
<file href="scormcontent/assets/WxxhX9MgaACRNxn4_small.png" />
<file href="scormcontent/assets/g02l_wj2wV3psF1t_ksYWMmS-xm9D-uKB.jpg" />
<file href="scormcontent/assets/wBsRBRwLhIDhiX86_whdyGOQIqi8SA567.jpg" />
<file href="scormcontent/assets/SoHUwdcNoqVw69-m_transcoded-yvb4i-D4QyzxU198-Full_Control_-_Innova_6_Processes-00001.png" />
<file href="scormcontent/assets/tlVh6pgO56iSn0n0_transcoded-yvb4i-D4QyzxU198-Full_Control_-_Innova_6_Processes.mp4" />
<file href="scormcontent/assets/YikzmwJ_h7qEwkha_qIGuzzMJCqo7FclS.jpg" />
<file href="scormcontent/assets/FrhjfMdvlh1D9NBJ_7CHk6nO5pi8qTa7_.jpg" />
<file href="scormcontent/assets/xr7QE7Obf440aioZ_aizBKvqfv9s9bQ38.png" />
<file href="scormcontent/assets/QbsnV-mfvFXICD4y_NBBdiALi0PW_nFo1.jpg" />
<file href="scormcontent/assets/7thPfN-pft1D3N7w_ipAXnabxzguSI4W1.jpg" />
<file href="scormcontent/assets/Xf0lCj8iB7B-Nj0X_GKtRVp41gSeTBn0d.jpg" />
<file href="scormcontent/assets/zTvktugmUEI2cBeJ_2kcEEMXoceokf5cz.png" />
<file href="scormcontent/assets/TGrR3Fm0aA4DNe69_41fjEOp_XbH9kCEY.jpg" />
<file href="scormcontent/assets/PoQrr8Os5jIDx8rn_5k3_5SoZCWFnnV9S.jpg" />
<file href="scormcontent/assets/NqiaTxdENkvHzdGW_QPVeaqp0PX1UMtyH.jpg" />
<file href="scormcontent/assets/YjhEt3newFqX4VTL_dXCOyD24B-3kH7B-.jpg" />
<file href="scormcontent/assets/F7KVKNUI1Huy9roP_kDzL-b20Kxd_y1Xw.jpg" />
<file href="scormcontent/assets/47MyhPZpiGv9j0WQ_6QGnKAmyNdZZsmGO.jpg" />
<file href="scormcontent/assets/cZcYVRQv23nEa_Eu_Ltd36GQQFBhQr0fe.jpg" />
<file href="scormcontent/assets/GSumzE5kbUSZDyqF_1bkLDxHtXNgUEMLG.jpg" />
<file href="scormcontent/assets/OujilW6iCc-yhyAX_pjZv_EnPeWHeZAj6.jpg" />
<file href="scormcontent/assets/VfoIzhAb3W5RTqdG_1KWxUs1HNLBAd8R-.jpg" />
<file href="scormcontent/assets/8Y9folsAx12FvBE5_pBRL3Cm7J4JM54cc.jpg" />
<file href="scormcontent/assets/ph-pWJSMNgu-thf4_-3mXQtA1Q1CJFDF0.jpg" />
<file href="scormcontent/assets/0R6DQDZrMlFliBhu_0HFIqAo5HZgpKd_X.jpg" />
<file href="scormcontent/assets/Za6CpaiU3RiVso_O_EiMuFwgMF5NunNaI.png" />
<file href="scormcontent/assets/T8abhh9seAx3qxgP_OMB9yr5x8gu-mMuR.png" />
<file href="scormcontent/assets/en3gNTJ3JQW589tS_cHtHubbH-CAloAE5.png" />
<file href="scormcontent/assets/CMMfYLL-0oLtDb_Y_A0PMEOVvt0abtXw6.png" />
<file href="scormcontent/assets/FYMJ9u_R9T9wnK6q_yxwDpX7UalWjjOVZ.png" />
<file href="scormcontent/assets/zTP3jFuj1Cg4r9Mg_rbsC17CPzc9SDFk3.jpg" />
<file href="scormcontent/assets/eqYeMDM1acXSD9-N_h1LxhF4UgNU-LrE5.jpg" />
<file href="scormcontent/assets/jexjO5IHpg-Io9ps_i7vUh7fW_m-mm79F.jpg" />
<file href="scormcontent/assets/gVStWjiR74kw5qq8_s68hMMTT8VqB6Uq4.jpg" />
<file href="scormcontent/assets/PgnDkyXxvruxzLUL_XV3RD0LsysH0dWeX.jpg" />
<file href="scormcontent/assets/F52cJRi4bUvoIOjr_pBjP_d5lUU-SirsG.jpg" />
<file href="scormcontent/assets/K4fyeI3uveJIenRm_F9QFffoyKUxSLzm5.png" />
<file href="scormcontent/assets/XnjrUW8XpI2PGjZB_6RgrFi46ZR0crP2N.jpg" />
<file href="scormcontent/assets/irI8TS9rHuld7_d4_Y11W27ldDKFlhYW1.png" />
<file href="scormcontent/assets/saCzen5DTEYlTn-0_0V12EMFcnUR0CoWg-Introduction%20to%20Innova.pdf" />
<file href="scormcontent/assets/juKdYjmdV9kMZXIq_YxpP396GG4nnTKy6-Innova%20Process%20Administration%20Manual.pdf" />
<file href="scormcontent/assets/qDrCfyu9-P7G4VnW_555FYab06_CmIidw.jpg" />
<file href="scormcontent/assets/rihRqpWCIS7peaqn_34_abstract.jpg" />
<file href="scormcontent/assets/vtNcmXK-1MKu_b1y_example-header-image.jpg" />

    </resource>
  </resources>
</manifest>
